"","user_id","reg_id","author_id","email","name","pw_hash","privilege"
"1",49,1,"50","pellentesque@madeupemail.com","A.R. Buda","euismod","view"
"2",229,2,"0000-0001-7973-1647","suscipit@madeupemail.com","Aaron Sampson","iaculis","download"
"3",65,3,"0000-0002-0475-1106","morbi@madeupemail.com","Abdoulaye Ma√Øga","tellus","view"
"4",153,4,"95","felis@madeupemail.com","Abdul Dosso","lacus","view"
"5",74,5,"0000-0003-1431-9832","elementum@madeupemail.com","Abel Corver","sociis","view"
"6",228,6,"147","netus@madeupemail.com","Abheera Hazra","porta","view"
"7",146,7,"325","habitasse@madeupemail.com","Abigail Park","euismod","view"
"8",122,8,"0000-0002-2347-4183","cursus@madeupemail.com","Achilles Katamba","primis","download"
"9",250,9,"0000-0003-3236-3853","luctus@madeupemail.com","Ada Y. Chen","etiam","view"
"10",128,10,"0000-0002-9146-4403","augue@madeupemail.com","Adam Kortylewski","cubilia","download"
"11",47,11,"79","torquent@madeupemail.com","Adama Cisse","interdum","view"
"12",24,12,"409","maecenas@madeupemail.com","Adama Tiendrebeogo","nec","view"
"13",71,13,"282","auctor@madeupemail.com","Adbul M. Mohammed","mauris","download"
"14",100,14,"372","porta@madeupemail.com","Aditi Sen","ut","view"
"15",89,15,"0000-0001-8044-2906","rutrum@madeupemail.com","Adnan Bibic","nunc","view"
"16",165,16,"0000-0002-5658-8654","tincidunt@madeupemail.com","Adrian M. Haith","consequat","read"
"17",110,17,"0000-0002-6262-3866","senectus@madeupemail.com","Agbessi Amouzou","tempor","read"
"18",20,18,"208","sociis@madeupemail.com","Aklilu Kidanu","parturient","view"
"19",154,19,"0000-0003-2502-7819","fusce@madeupemail.com","Alain B. Labrique","odio","view"
"20",114,20,"217","posuere@madeupemail.com","Alain Koffi","purus","read"
"21",111,21,"74","hac@madeupemail.com","Alan C. K. Cheung","elementum","download"
"22",131,22,"0000-0002-9013-1586","facilisis@madeupemail.com","Alan Chi-keung Cheung","mauris","read"
"23",41,23,"0000-0001-5207-9249","fermentum@madeupemail.com","Alan L. Yuille","curae","view"
"24",236,24,"0000-0001-8641-755X","vehicula@madeupemail.com","Albert S.B. Edge","urna","view"
"25",27,25,"0000-0001-8892-9567","dapibus@madeupemail.com","Alberto Vitale Brovarone","nullam","view"
"26",164,26,NA,"sagittis@madeupemail.com","aenean","aenean","view"
"27",223,27,NA,"dignissim@madeupemail.com","ultrices","ultrices","download"
"28",109,28,NA,"laoreet@madeupemail.com","molestie","molestie","download"
"29",5,29,NA,"inceptos@madeupemail.com","nisi","nisi","view"
"30",212,30,NA,"et@madeupemail.com","accumsan","accumsan","read"
"31",162,31,NA,"sed@madeupemail.com","fusce","fusce","view"
"32",92,32,NA,"duis@madeupemail.com","enim","enim","read"
"33",104,33,NA,"erat@madeupemail.com","cubilia","cubilia","view"
"34",3,34,NA,"class@madeupemail.com","tortor","tortor","read"
"35",58,35,NA,"ornare@madeupemail.com","erat","erat","read"
"36",42,36,NA,"semper@madeupemail.com","sem","sem","read"
"37",239,37,NA,"diam@madeupemail.com","suscipit","suscipit","download"
"38",158,38,NA,"magnis@madeupemail.com","fusce","fusce","view"
"39",43,39,NA,"erat@madeupemail.com","ridiculus","ridiculus","view"
"40",143,40,NA,"fringilla@madeupemail.com","dui","dui","view"
"41",150,41,NA,"tempor@madeupemail.com","in","in","read"
"42",216,42,NA,"placerat@madeupemail.com","sociis","sociis","read"
"43",136,43,NA,"semper@madeupemail.com","nullam","nullam","download"
"44",36,44,NA,"dapibus@madeupemail.com","molestie","molestie","view"
"45",68,45,NA,"blandit@madeupemail.com","ad","ad","view"
"46",244,46,NA,"ullamcorper@madeupemail.com","natoque","natoque","download"
"47",224,47,NA,"mollis@madeupemail.com","tempor","tempor","download"
"48",219,48,NA,"varius@madeupemail.com","parturient","parturient","read"
"49",197,49,NA,"etiam@madeupemail.com","aliquam","aliquam","download"
"50",4,50,NA,"neque@madeupemail.com","quisque","quisque","view"
"51",178,51,NA,"parturient@madeupemail.com","pulvinar","pulvinar","read"
"52",99,52,NA,"tincidunt@madeupemail.com","penatibus","penatibus","download"
"53",177,53,NA,"sodales@madeupemail.com","accumsan","accumsan","download"
"54",232,54,NA,"nulla@madeupemail.com","pharetra","pharetra","view"
"55",231,55,NA,"rhoncus@madeupemail.com","sollicitudin","sollicitudin","download"
"56",6,56,NA,"pharetra@madeupemail.com","ac","ac","read"
"57",134,57,NA,"etiam@madeupemail.com","netus","netus","read"
"58",130,58,NA,"tortor@madeupemail.com","rutrum","rutrum","read"
"59",116,59,NA,"euismod@madeupemail.com","eleifend","eleifend","view"
"60",217,60,NA,"faucibus@madeupemail.com","aenean","aenean","read"
"61",118,61,NA,"penatibus@madeupemail.com","dignissim","dignissim","download"
"62",149,62,NA,"suscipit@madeupemail.com","nibh","nibh","view"
"63",2,63,NA,"donec@madeupemail.com","nullam","nullam","download"
"64",102,64,NA,"pretium@madeupemail.com","lacinia","lacinia","read"
"65",186,65,NA,"pellentesque@madeupemail.com","torquent","torquent","read"
"66",138,66,NA,"tellus@madeupemail.com","lectus","lectus","read"
"67",40,67,NA,"quis@madeupemail.com","aptent","aptent","read"
"68",222,68,NA,"molestie@madeupemail.com","donec","donec","read"
"69",33,69,NA,"vestibulum@madeupemail.com","class","class","view"
"70",198,70,NA,"nisl@madeupemail.com","neque","neque","download"
"71",103,71,NA,"dictum@madeupemail.com","inceptos","inceptos","download"
"72",204,72,NA,"facilisis@madeupemail.com","pharetra","pharetra","download"
"73",73,73,NA,"tempor@madeupemail.com","pulvinar","pulvinar","read"
"74",157,74,NA,"erat@madeupemail.com","luctus","luctus","read"
"75",76,75,NA,"feugiat@madeupemail.com","taciti","taciti","read"
"76",9,76,NA,"taciti@madeupemail.com","ornare","ornare","view"
"77",35,77,NA,"justo@madeupemail.com","sociis","sociis","download"
"78",16,78,NA,"sollicitudin@madeupemail.com","inceptos","inceptos","download"
"79",101,79,NA,"nam@madeupemail.com","nunc","nunc","read"
"80",69,80,NA,"dis@madeupemail.com","nisi","nisi","download"
"81",190,81,NA,"dui@madeupemail.com","eleifend","eleifend","view"
"82",193,82,NA,"ornare@madeupemail.com","sollicitudin","sollicitudin","download"
"83",82,83,NA,"habitasse@madeupemail.com","fringilla","fringilla","view"
"84",152,84,NA,"fermentum@madeupemail.com","nec","nec","download"
"85",113,85,NA,"praesent@madeupemail.com","enim","enim","download"
"86",205,86,NA,"arcu@madeupemail.com","sociis","sociis","read"
"87",171,87,NA,"interdum@madeupemail.com","mi","mi","read"
"88",234,88,NA,"tristique@madeupemail.com","augue","augue","read"
"89",218,89,NA,"cubilia@madeupemail.com","felis","felis","download"
"90",184,90,NA,"suspendisse@madeupemail.com","maecenas","maecenas","view"
"91",189,91,NA,"sociosqu@madeupemail.com","dictumst","dictumst","read"
"92",57,92,NA,"ut@madeupemail.com","habitant","habitant","download"
"93",237,93,NA,"scelerisque@madeupemail.com","dapibus","dapibus","download"
"94",215,94,NA,"nec@madeupemail.com","lobortis","lobortis","read"
"95",235,95,NA,"turpis@madeupemail.com","nulla","nulla","read"
"96",91,96,NA,"pharetra@madeupemail.com","platea","platea","read"
"97",13,97,NA,"nunc@madeupemail.com","magnis","magnis","view"
"98",54,98,NA,"aliquam@madeupemail.com","praesent","praesent","read"
"99",83,99,NA,"bibendum@madeupemail.com","vestibulum","vestibulum","read"
"100",32,100,NA,"praesent@madeupemail.com","orci","orci","view"
"101",60,101,NA,"dictum@madeupemail.com","justo","justo","download"
"102",29,102,NA,"nulla@madeupemail.com","dapibus","dapibus","read"
"103",81,103,NA,"nostra@madeupemail.com","varius","varius","view"
"104",108,104,NA,"nec@madeupemail.com","a","a","view"
"105",121,105,NA,"ullamcorper@madeupemail.com","scelerisque","scelerisque","view"
"106",85,106,NA,"posuere@madeupemail.com","quis","quis","view"
"107",126,107,NA,"pretium@madeupemail.com","fermentum","fermentum","download"
"108",112,108,NA,"augue@madeupemail.com","semper","semper","view"
"109",72,109,NA,"primis@madeupemail.com","erat","erat","download"
"110",160,110,NA,"tellus@madeupemail.com","enim","enim","view"
"111",1,111,NA,"aptent@madeupemail.com","enim","enim","read"
"112",133,112,NA,"ut@madeupemail.com","nam","nam","read"
"113",55,113,NA,"volutpat@madeupemail.com","torquent","torquent","download"
"114",221,114,NA,"porttitor@madeupemail.com","cum","cum","download"
"115",181,115,NA,"egestas@madeupemail.com","pellentesque","pellentesque","read"
"116",208,116,NA,"duis@madeupemail.com","dictumst","dictumst","view"
"117",97,117,NA,"libero@madeupemail.com","lobortis","lobortis","read"
"118",25,118,NA,"dictumst@madeupemail.com","bibendum","bibendum","view"
"119",115,119,NA,"hendrerit@madeupemail.com","odio","odio","read"
"120",151,120,NA,"felis@madeupemail.com","aliquam","aliquam","view"
"121",148,121,NA,"vestibulum@madeupemail.com","volutpat","volutpat","read"
"122",14,122,NA,"nisi@madeupemail.com","erat","erat","download"
"123",230,123,NA,"vitae@madeupemail.com","ut","ut","view"
"124",195,124,NA,"nulla@madeupemail.com","ornare","ornare","download"
"125",120,125,NA,"senectus@madeupemail.com","ornare","ornare","view"
